{
    "HPA": {
        "title": "HPA",
        "mean_reward": -2293.9580060697626,
        "std_reward": 650.2116037221749,
        "mean_cost": 9.53,
        "std_cost": 0.6340820136228418,
        "mean_sla": 11.0,
        "std_sla": 3.0,
        "mean_latency": 167.09170576134596,
        "std_latency": 45.87451457389918,
        "all_rewards": [
            -3055.1600000000076,
            -3071.9099936761427,
            -890.8508416237853,
            -1872.1166371445295,
            -2587.0804297031077,
            -2379.7697479757603,
            -2141.805271093003,
            -2645.0948053286256,
            -1593.7961618206919,
            -2701.9961723319725
        ],
        "all_costs": [
            9.460000000000006,
            8.340000000000002,
            9.620000000000001,
            8.850000000000003,
            9.639999999999999,
            9.290000000000003,
            9.420000000000002,
            10.389999999999993,
            9.619999999999997,
            10.67
        ],
        "all_slas": [
            12,
            13,
            4,
            10,
            11,
            16,
            10,
            12,
            9,
            13
        ],
        "all_latencies": [
            219.56161701900797,
            220.169806111434,
            62.91335696248851,
            139.70116729548556,
            185.6822618592304,
            176.9480082019068,
            152.42081797873644,
            193.63317031557764,
            125.25676407434479,
            194.63008779524753
        ]
    },
    "Single-Agent DQN": {
        "title": "Single-Agent DQN",
        "mean_reward": -10004.702515925059,
        "std_reward": 4112.084020100466,
        "mean_cost": 29.519000000000034,
        "std_cost": 5.595779570354804,
        "mean_sla": 42.5,
        "std_sla": 20.125854019146615,
        "mean_latency": 615.8885740029621,
        "std_latency": 284.1442386920732,
        "all_rewards": [
            -7921.400177346469,
            -17944.590602411692,
            -9309.71108930653,
            -9609.215411389972,
            -4000.5278653059913,
            -12328.044090515259,
            -6328.933875306812,
            -11966.787209456243,
            -5732.818393737538,
            -14904.99644447407
        ],
        "all_costs": [
            30.470000000000077,
            15.509999999999964,
            29.51000000000007,
            26.63000000000003,
            35.47999999999999,
            25.190000000000026,
            32.37000000000006,
            32.400000000000055,
            33.74000000000004,
            33.89000000000004
        ],
        "all_slas": [
            36,
            81,
            39,
            40,
            11,
            54,
            25,
            50,
            22,
            67
        ],
        "all_latencies": [
            477.31118188894976,
            1157.131583796522,
            565.4732052776609,
            593.1042533134031,
            194.46451922284464,
            781.249102013671,
            356.11271653436745,
            759.7089639166156,
            322.3989721602659,
            951.9312419053206
        ]
    },
    "Per-Agent DQN": {
        "title": "Per-Agent DQN",
        "mean_reward": -541.6879999999994,
        "std_reward": 127.93009177281188,
        "mean_cost": 27.612999999999936,
        "std_cost": 6.787855405059804,
        "mean_sla": 1.0,
        "std_sla": 0.0,
        "mean_latency": 35.21270815071498,
        "std_latency": 3.938893551464703,
        "all_rewards": [
            -467.2650000000006,
            -622.0149999999996,
            -454.35499999999644,
            -736.5849999999989,
            -403.3350000000016,
            -751.2050000000004,
            -412.9949999999985,
            -637.7549999999998,
            -412.4149999999974,
            -518.9550000000007
        ],
        "all_costs": [
            37.28999999999988,
            21.039999999999985,
            23.37999999999993,
            23.609999999999957,
            39.35999999999988,
            23.22999999999998,
            24.01999999999994,
            23.77999999999996,
            23.439999999999934,
            36.97999999999992
        ],
        "all_slas": [
            1,
            1,
            1,
            1,
            1,
            1,
            1,
            1,
            1,
            1
        ],
        "all_latencies": [
            36.68329409476033,
            36.760192622629646,
            26.36157865495601,
            36.577846977039435,
            34.16813626473977,
            39.01254961833955,
            30.944730917718463,
            37.652617247129065,
            40.47722975907679,
            33.4889053507607
        ]
    },
    "QMIX": {
        "title": "QMIX",
        "mean_reward": -1663.8570095635291,
        "std_reward": 226.11089118032191,
        "mean_cost": 30.983000000000025,
        "std_cost": 2.6035132033465906,
        "mean_sla": 9.5,
        "std_sla": 1.9621416870348585,
        "mean_latency": 75.91364131657869,
        "std_latency": 13.073494177456494,
        "all_rewards": [
            -1558.0046029087723,
            -1763.6812229834297,
            -1470.9669092147165,
            -1758.8167760979295,
            -1485.4083680766948,
            -2074.8431934411515,
            -1282.1796551319815,
            -1750.1403341862608,
            -1552.2283702181678,
            -1942.3006633761881
        ],
        "all_costs": [
            32.43000000000002,
            26.520000000000017,
            32.510000000000055,
            28.45000000000001,
            34.30000000000002,
            27.62000000000002,
            33.620000000000026,
            29.96000000000002,
            33.57000000000003,
            30.850000000000016
        ],
        "all_slas": [
            8,
            12,
            8,
            8,
            10,
            10,
            6,
            12,
            9,
            12
        ],
        "all_latencies": [
            71.15644281622981,
            86.29951825249499,
            55.28083551203376,
            79.30503951460967,
            68.57922986569923,
            91.20818107885965,
            53.48387711752115,
            84.78849519168028,
            76.64885975365975,
            92.38593406299866
        ]
    }
}