{
    "HPA": {
        "title": "HPA",
        "mean_reward": -282.9997153334716,
        "std_reward": 62.467511191964874,
        "mean_cost": 26.585000000000008,
        "std_cost": 4.496512537511692,
        "mean_sla": 1.4,
        "std_sla": 0.9165151389911679,
        "mean_latency": 38.87146085898345,
        "std_latency": 11.75870146099511,
        "all_rewards": [
            -218.37227522129956,
            -115.58714285714285,
            -308.6971428571424,
            -309.6371428571424,
            -309.6371428571424,
            -309.6371428571424,
            -309.6371428571424,
            -316.11214285714215,
            -316.1371428571421,
            -316.5427352562772
        ],
        "all_costs": [
            15.920000000000012,
            19.980000000000015,
            27.960000000000072,
            28.000000000000075,
            28.000000000000075,
            28.000000000000075,
            28.000000000000075,
            29.989999999999892,
            29.999999999999893,
            29.999999999999893
        ],
        "all_slas": [
            4,
            1,
            1,
            1,
            1,
            1,
            1,
            1,
            1,
            2
        ],
        "all_latencies": [
            72.1307351651621,
            36.760192622629646,
            26.36157865495601,
            36.577846977039435,
            34.16813626473977,
            39.01254961833955,
            30.944730917718463,
            38.1169523411347,
            40.47722975907679,
            34.16465626903803
        ]
    },
    "Single-Agent DQN": {
        "title": "Single-Agent DQN",
        "mean_reward": -3996.1072473987747,
        "std_reward": 840.583852778628,
        "mean_cost": 29.519000000000034,
        "std_cost": 5.595779570354804,
        "mean_sla": 41.9,
        "std_sla": 20.037215375395853,
        "mean_latency": 615.8885740029621,
        "std_latency": 284.1442386920732,
        "all_rewards": [
            -3511.291897679196,
            -5692.020281996681,
            -3739.248764132154,
            -3844.516284178183,
            -2874.3109406413705,
            -4432.311649260619,
            -3279.788277169404,
            -4314.847076447136,
            -3197.5040741814432,
            -5075.233228301568
        ],
        "all_costs": [
            30.470000000000077,
            15.509999999999964,
            29.51000000000007,
            26.63000000000003,
            35.47999999999999,
            25.190000000000026,
            32.37000000000006,
            32.400000000000055,
            33.74000000000004,
            33.89000000000004
        ],
        "all_slas": [
            36,
            80,
            38,
            39,
            11,
            54,
            24,
            50,
            21,
            66
        ],
        "all_latencies": [
            477.31118188894976,
            1157.131583796522,
            565.4732052776609,
            593.1042533134031,
            194.46451922284464,
            781.249102013671,
            356.11271653436745,
            759.7089639166156,
            322.3989721602659,
            951.9312419053206
        ]
    },
    "Per-Agent DQN": {
        "title": "Per-Agent DQN",
        "mean_reward": -975.6520952593955,
        "std_reward": 211.38071391978553,
        "mean_cost": 45.98000000000002,
        "std_cost": 0.849305598709906,
        "mean_sla": 2.5,
        "std_sla": 0.6708203932499369,
        "mean_latency": 52.91190911033541,
        "std_latency": 2.9319984725417467,
        "all_rewards": [
            -992.3801323641595,
            -635.6842857142867,
            -1244.833724056337,
            -806.8442857142863,
            -1222.5673906952222,
            -736.1792857142857,
            -1225.0639911925202,
            -783.6992857142859,
            -1063.644285714286,
            -1045.6242857142863
        ],
        "all_costs": [
            46.27000000000005,
            46.75999999999996,
            46.84000000000003,
            46.32000000000003,
            44.640000000000015,
            45.92999999999998,
            44.19000000000004,
            45.81000000000003,
            46.68000000000004,
            46.36000000000001
        ],
        "all_slas": [
            3,
            2,
            4,
            2,
            3,
            2,
            3,
            2,
            2,
            2
        ],
        "all_latencies": [
            55.49694823265474,
            53.38218451029359,
            47.05905370400072,
            53.20014328147398,
            53.138398366521066,
            55.630781310685116,
            49.729087691938574,
            54.27311927732307,
            57.09301624250627,
            50.11635848595699
        ]
    },
    "QMIX": {
        "title": "QMIX",
        "mean_reward": -206.74731043593184,
        "std_reward": 10.341302071958829,
        "mean_cost": 20.291000000000004,
        "std_cost": 1.924413936761007,
        "mean_sla": 2.1,
        "std_sla": 0.3,
        "mean_latency": 51.904960286303776,
        "std_latency": 3.9988318679549018,
        "all_rewards": [
            -204.7592857142857,
            -222.4742857142856,
            -204.33428571428564,
            -216.9742857142862,
            -209.63428571428514,
            -184.85453293074767,
            -206.69928571428494,
            -204.75928571428574,
            -216.88428571428574,
            -196.09928571428597
        ],
        "all_costs": [
            21.51,
            22.67999999999999,
            21.340000000000007,
            21.680000000000028,
            16.860000000000014,
            18.869999999999983,
            16.970000000000006,
            21.510000000000005,
            20.96,
            20.529999999999998
        ],
        "all_slas": [
            2,
            2,
            2,
            2,
            2,
            3,
            2,
            2,
            2,
            2
        ],
        "all_latencies": [
            53.30541436060101,
            53.38218451029359,
            43.00093049916031,
            53.20014328147398,
            50.79445545851036,
            56.28554344116561,
            47.576431422585934,
            54.27311927732307,
            57.09301624250627,
            50.13836436941762
        ]
    }
}